"id_analise","id_atendimento","saudacao_inicial","uso_nome_cliente","rapport_empatia","uso_emojis","tom_conversa","erros_gramaticais","resolutividade","tempo_resposta","indicios_venda","sentimento_geral","tipo_atendimento","pontuacao_geral","observacoes","data_analise","canal_origem_conversa","produto_interesse"
0,1,"Nenhuma sauda√ß√£o inicial identificada","sim","Baixo","nao","Conversa direta e objetiva, sem muita empatia","Nenhum","parcial","Irregular","nao","Neutro","D√∫vida",8,"Pontos fortes: Cliente demonstrou interesse em resolver a situa√ß√£o; Pontos fracos: Falta de clareza e objetividade na comunica√ß√£o","2026-01-05 21:14:49.897",NULL,NULL
1,15,"A sauda√ß√£o inicial foi apropriada e o agente iniciou a conversa de forma amig√°vel.","Sim","M√©dio","N√£o","Profissional, mas amig√°vel","Nenhum","Sim","R√°pido","N√£o","Positivo","Suporte T√©cnico",9,"O atendimento foi profissional, mas amig√°vel, o que garante ao cliente um sentimento positivo sobre a intera√ß√£o. O agente usou o nome do cliente, o que sempre ajuda a personalizar a conversa. Al√©m disso, todas as perguntas do cliente foram respondidas adequadamente e no tempo.","2025-12-18 15:21:14.937",NULL,NULL
2,29,"Adequada","N√£o","Baixo","N√£o","Profissional","Nenhum","N√£o","Irregular","N√£o","Negativo","Suporte T√©cnico",4,"O agente manteve um tom profissional na conversa. Por√©m, falhou na tentativa de resolver o problema rapidamente e n√£o usou o nome do cliente corretamente. Al√©m disso, a falta de empatia tamb√©m foi um ponto fraco observado. A resposta do agente foi irregular, √†s vezes r√°pido e √†s vezes lento.","2025-12-18 17:44:54.082",NULL,NULL
6,2,"Nenhuma sauda√ß√£o inicial identificada","sim","Baixo","nao","Conversa direta e objetiva","Nenhum","parcial","Irregular","sim","Neutro","Vendas",8,"Pontos fortes: O uso de indicativos de venda foi identificado. Pontos fracos: O rapport e a resolutividade da conversa podem ser melhorados.","2026-01-05 21:52:00.955",NULL,NULL
7,4,"Bom dia, tudo bem?","sim","M√©dio","sim","Conversa descontra√≠da e amig√°vel","Nenhum","parcial","R√°pido","sim","Neutro","Vendas",8,"Pontos fortes: Uso de emojis para criar um clima descontra√≠do. Pontos fracos: Resolu√ß√£o parcial da quest√£o do cliente.","2026-01-05 21:52:00.96",NULL,NULL
8,6,"Nenhuma sauda√ß√£o inicial identificada","sim","Baixo","nao","Conversa desorganizada e confusa","Lista","nao","Irregular","nao","Negativo","D√∫vida",8,"Pontos fortes: Uso de termos amig√°veis e tentativa de esclarecer a situa√ß√£o. Pontos fracos: Falta de clareza e organiza√ß√£o na comunica√ß√£o, baixa empatia e resolutividade.","2026-01-05 21:53:43.846",NULL,NULL
9,10,"Breve sauda√ß√£o inicial","sim","M√©dio","nao","Conversa direta e objetiva","Nenhum","parcial","R√°pido","sim","Neutro","D√∫vida",8,"Pontos fortes: Rapidez na resposta e indica√ß√£o de possibilidade de financiamento. Pontos fracos: Falta de informa√ß√µes detalhadas sobre o financiamento e aus√™ncia de incentivo √† continuidade da conversa.","2026-01-05 21:53:43.85",NULL,NULL
10,11,"descri√ß√£o breve da sauda√ß√£o","sim","Alto","sim","descri√ß√£o breve","Nenhum","sim","R√°pido","nao","Positivo","D√∫vida",8,"O atendente iniciou a conversa de forma cordial e educada, utilizando emojis para expressar empatia. N√£o foram identificados erros gramaticais na intera√ß√£o. A resolu√ß√£o da solicita√ß√£o foi eficiente e o tempo de resposta foi r√°pido. N√£o houve ind√≠cios de tentativa de venda. No geral, a conversa foi positiva, atendendo a uma d√∫vida do cliente de maneira satisfat√≥ria.","2026-01-05 21:53:54.23",NULL,NULL
11,13,"descri√ß√£o breve da sauda√ß√£o","sim","M√©dio","nao","Breve e direto","Nenhum","parcial","R√°pido","sim","Positivo","Vendas",8,"O atendente demonstrou empatia ao responder √†s perguntas do cliente e ofereceu informa√ß√µes relevantes sobre a possibilidade de financiamento. No entanto, a resolu√ß√£o completa da solicita√ß√£o do cliente n√£o foi alcan√ßada, pois ele ainda demonstra interesse em visitar outra revenda.","2026-01-05 21:53:54.232",NULL,NULL
12,14,"O cliente expressou interesse em um ve√≠culo e solicitou informa√ß√µes sobre financiamento.","sim","Alto","nao","O tom √© amig√°vel e interessado, mostrando disposi√ß√£o para prosseguir com a compra.","Nenhum","parcial","Irregular","sim","Positivo","Vendas",8,"O cliente demonstra um bom engajamento ao solicitar informa√ß√µes de financiamento e test drive. A men√ß√£o a outra revenda pode ser um ponto de preocupa√ß√£o, sugerindo que o cliente est√° avaliando outras op√ß√µes. √â importante manter a comunica√ß√£o proativa para aumentar as chances de convers√£o.","2026-01-14 12:18:06.207",NULL,NULL
13,16,"Intera√ß√£o inicial amig√°vel e educada.","sim","Alto","sim","Conversa colegial com trocas de informa√ß√µes e leveza.","Nenhum","parcial","R√°pido","sim","Positivo","Vendas",8,"O cliente demonstrou conhecimento sobre os hor√°rios e compromissos, o que favorece o atendimento. A troca foi fluida e cheia de descontra√ß√£o, o que √© um ponto forte. Contudo, a falta de conclus√µes claras sobre agendamento e detalhes pode indicar necessidade de mais clareza nas comunica√ß√µes.","2026-01-14 12:18:06.223",NULL,NULL
14,17,"In√≠cio da conversa amig√°vel e informal.","sim","Alto","sim","Tom descontra√≠do e pr√≥ximo, com uso de humor.","Nenhum","parcial","R√°pido","sim","Positivo","Vendas",8,"O atendente mostrou boa empatia ao entender a situa√ß√£o do cliente e utilizou emojis, o que ajudou a criar um ambiente amig√°vel. O cliente se sentiu √† vontade para expressar suas prefer√™ncias e d√∫vidas. No entanto, houve momentos em que a informa√ß√£o poderia ter sido mais clara, especialmente sobre hor√°rios de agendamento.","2026-01-15 06:41:19.275",NULL,NULL
15,18,"Cliente se apresentou diretamente sem sauda√ß√£o.","sim","Baixo","nao","Conversa√ß√£o direta e objetiva, sem calor humano.","Nenhum","nao","Irregular","nao","Neutro","D√∫vida",4,"A conversa n√£o apresentou clareza e as respostas n√£o foram satisfat√≥rias. O cliente estava em busca de informa√ß√µes adicionais. A falta de empatia foi evidente, j√° que n√£o houve esfor√ßo em tentar entender a necessidade do cliente.","2026-01-15 06:41:19.278",NULL,NULL
16,163,"","","","","","","","","","","",0,"","2026-01-15 19:07:10.989","N√£o identificado","N√£o especificado"
17,161,"N√£o aplic√°vel","n√£o","Baixo","n√£o","N√£o aplic√°vel","N√£o aplic√°vel","n√£o","N√£o aplic√°vel","n√£o","Neutro","N√£o aplic√°vel",0,"A conversa √© inadequada para uma an√°lise padr√£o, pois n√£o cont√©m elementos t√≠picos de atendimento ao cliente. N√£o h√° sauda√ß√£o inicial do agente para avaliar. O uso do nome do cliente e tentativa de empatia ou constru√ß√£o de rapport n√£o foram observados. N√£o houve qualquer tentativa de resolu√ß√£o de problema ou venda de produto/servi√ßo.","2026-01-15 19:22:45.23","N√£o identificado","N√£o especificado"
18,195,"O cliente iniciou a conversa com um simples 'Bom dia', n√£o houve sauda√ß√£o inicial do agente para avaliar.","nao","Baixo","nao","Neutro","Nenhum","n√£o","N√£o h√° informa√ß√µes suficientes para avaliar o tempo de resposta","nao","Neutro","N√£o identificado",4,"A intera√ß√£o n√£o apresentou problemas de gram√°tica, mas carece de informa√ß√µes para uma avalia√ß√£o mais completa. N√£o houve tentativa de criar um rapport ou de estabelecer uma conex√£o com a cliente. A conversa termina abruptamente sem uma resolu√ß√£o ou direcionamento claro.","2026-01-16 08:38:25.468","N√£o identificado","N√£o especificado"
19,204,"Boa, o agente conseguiu acolher a necessidade do cliente desde o in√≠cio e foi receptivo.","n√£o","Alto","sim","Profissional e acolhedor","Nenhum","parcial","R√°pido","sim","Neutro","Vendas",8,"A conversa iniciou com um bom atendimento, onde o agente respondeu √†s necessidades do cliente de forma clara. Embora o problema do cliente n√£o tenha sido completamente resolvido, o agente conseguiu sugerir alternativas e mostrar empatia pela situa√ß√£o financeira do cliente. Emojis foram utilizados de forma apropriada, aumentando o n√≠vel de conex√£o com o cliente. A pontua√ß√£o alta se deve ao esfor√ßo do agente em atender bem, mesmo diante de barreiras financeiras.","2026-01-16 14:53:29.05","N√£o identificado","Chevrolet Cruze"
20,176,"A sauda√ß√£o inicial do agente est√° faltando. Cabe o agente responder ap√≥s a sauda√ß√£o do cliente.","n√£o","Baixo","n√£o","Profissional e acolhedor","Nenhum","sim","N√£o h√° resposta do agente","sim","Positivo","Vendas",5,"A conversa n√£o cont√©m resposta do agente, o que impossibilitou uma an√°lise completa do atendimento. N√£o houve uso do nome do cliente nem emojis, o que poderia aumentar a empatia. Apesar das limita√ß√µes, o cliente demonstrou interesse positivo em um produto, o que √© um bom indicativo de venda potencial.","2026-01-16 18:31:09.44","N√£o identificado","BMW"
21,218,"A conversa parece ser uma continua√ß√£o, sem sauda√ß√£o inicial.","nao","M√©dio","nao","Profissional e acolhedor","Nenhum","sim","N√£o aplic√°vel","nao","Positivo","D√∫vida",8,"A conversa demonstra um bom n√≠vel de empatia e profissionalismo por parte do agente. Apesar da aus√™ncia de sauda√ß√£o inicial e utiliza√ß√£o do nome do cliente, a intera√ß√£o permanece acolhedora e clara. N√£o foram identificados erros gramaticais, e a quest√£o do cliente parece ter sido resolvida adequadamente, indicando efici√™ncia no atendimento.","2026-01-17 09:59:09.906","N√£o identificado","N√£o especificado"
22,212,"N√£o aplic√°vel","n√£o","Baixo","n√£o","Profissional e acolhedor","Nenhum","n√£o","N√£o aplic√°vel","n√£o","Positivo","Vendas",3,"A conversa foi curta e com pouca intera√ß√£o do agente, o que limita a avalia√ß√£o de aspectos como empatia e uso do nome do cliente. N√£o houve erros gramaticais ou uso de emojis, mantendo o tom profissional. A intera√ß√£o n√£o resultou em uma venda, j√° que o cliente informou ter fechado neg√≥cio com outra empresa.","2026-01-17 10:13:38.633","N√£o identificado","N√£o especificado"
23,213,"O atendimento n√£o teve uma sauda√ß√£o inicial, pois todas as mensagens foram enviadas pelo cliente.","nao","M√©dio","nao","Informal demais","Nenhum","n√£o","N√£o aplic√°vel","nao","Neutro","D√∫vida",6,"A intera√ß√£o n√£o come√ßou com uma sauda√ß√£o inicial por parte do agente, pois as mensagens foram todas do cliente. O tom da conversa foi informal, e n√£o houve uso do nome do cliente. Embora o cliente tenha mostrado interesse em verificar as fotos do carro e informa√ß√µes sobre manuten√ß√£o, o atendimento n√£o foi conclusivo, pois o agente n√£o respondeu. Houve uma falha no processo de resolutividade, j√° que o pedido de fotos n√£o foi atendido durante a conversa observada.","2026-01-17 19:12:17.034","Site","N√£o especificado"
24,209,"A conversa foi iniciada pelo cliente, sem sauda√ß√£o inicial do agente.","nao","Baixo","nao","Informal demais","Nenhum","nao","N√£o identific√°vel","sim","Negativo","Vendas",3,"A conversa n√£o come√ßou com uma sauda√ß√£o do agente e n√£o incluiu o uso do nome do cliente. O n√≠vel de conex√£o e empatia foi baixo, pois o atendimento n√£o direcionou de maneira eficaz o interesse do cliente por um modelo espec√≠fico de carro. N√£o foi utilizado o tom profissional adequado, sendo mais informal, e n√£o houve erros gramaticais not√°veis. A resolutividade foi negativa, pois o cliente n√£o encontrou o que procurava e o sentimento geral foi negativo ao final da conversa.","2026-01-19 10:06:45.506","N√£o identificado","Siena"
25,237,"A sauda√ß√£o inicial foi amig√°vel e abriu com um cumprimento seguido de interesse em um produto.","nao","Baixo","nao","Profissional e acolhedor","Nenhum","parcial","R√°pido","sim","Positivo","Vendas",7,"A conversa foi iniciada de forma positiva, com o cliente demonstrando interesse claro na compra de um ve√≠culo Siena. O atendimento foi direto e profissional, mas faltou empatia e uso do nome do cliente, o que poderia melhorar a conex√£o. Houve oportunidade de upsell, considerando o interesse do cliente em financiamento. A resolu√ß√£o foi parcial, pois o cliente foi informado dos passos sem detalhamento completo. A resposta do agente foi r√°pida, o que √© um ponto forte.","2026-01-19 10:44:26.669","N√£o identificado","Siena"
26,238,"N√£o aplic√°vel","n√£o","Baixo","n√£o","Neutro","Nenhum","n√£o","N√£o aplic√°vel","n√£o","Neutro","D√∫vida",2,"A intera√ß√£o foi extremamente curta e n√£o houve um atendimento efetivo por parte do agente. N√£o houve sauda√ß√£o inicial nem personaliza√ß√£o com o uso do nome do cliente. O agente n√£o demonstrou empatia ou construiu um rapport, pois a conversa consistiu apenas em afirma√ß√µes do cliente. N√£o foram feitas tentativas de vendas ou de oferecer assist√™ncia adicional, resultando em uma pontua√ß√£o baixa.","2026-01-19 10:46:56.624","N√£o identificado","N√£o especificado"
27,240,"Faltou uma sauda√ß√£o inicial adequada.","nao","Baixo","nao","Profissional e acolhedor","Nenhum","sim","N√£o √© poss√≠vel determinar com precis√£o","nao","Neutro","D√∫vida",6,"A conversa foi direta e houve tentativa de entendimento, mas come√ßou sem uma sauda√ß√£o inicial. N√£o houve uso do nome do cliente, o que poderia ter elevado a personaliza√ß√£o do atendimento. A intera√ß√£o careceu de emojis e outras express√µes que poderiam ter elevado o n√≠vel de empatia demonstrado.","2026-01-19 12:05:32.189","N√£o identificado","Aspirado normal"
28,5,"Inadequada e atrasada","n√£o","Baixo","sim","Informal demais","V√°rios erros presentes","Parcial","Irregular","n√£o","Neutro","D√∫vida",3,"A sauda√ß√£o inicial foi inadequada e tardia, comprometendo um bom in√≠cio de conversa. A linguagem utilizada ao longo da intera√ß√£o foi informal demais, com uso de g√≠rias e emojis que n√£o s√£o apropriados para todos os contextos. O tempo de resposta foi irregular e houve v√°rios erros gramaticais, dificultando o entendimento. N√£o houve uso do nome do cliente, o que poderia ter ajudado a personalizar a intera√ß√£o. Al√©m disso, a resolutividade foi apenas parcial, sem grandes esfor√ßos para solucionar claramente as d√∫vidas do cliente.","2026-01-19 13:44:34.288","N√£o identificado","Cruze"
29,249,"O cliente iniciou com uma sauda√ß√£o cordial: 'Boa tarde'.","nao","Baixo","nao","Informal demais","Nenhum","n√£o","N√£o identific√°vel devido a dados insuficientes","nao","Neutro","N√£o identific√°vel devido a dados insuficientes",2,"A conversa √© bastante limitada, com o cliente enviando mensagens curtas e sem muito contexto. N√£o h√° intera√ß√£o real ou resolu√ß√£o de problemas, e falta clareza no prop√≥sito do contato. O atendimento precisaria de mais intera√ß√£o para compreens√£o do contexto e dos desejos do cliente.","2026-01-19 15:28:41.241","N√£o identificado","N√£o especificado"
30,247,"Inadequada, pois n√£o houve resposta inicial.","n√£o","Baixo","n√£o","Profissional e acolhedor","Nenhum","parcial","N√£o identificado","sim","Neutro","Vendas",7,"O atendimento careceu de uma resposta inicial por parte do agente, o que deixou o cliente sem um foco guiado. Apesar disso, o tom profissional foi mantido durante a intera√ß√£o, atendendo aos questionamentos do cliente de forma clara. N√£o foram encontrados erros gramaticais na conversa, o que contribui para a clareza e profissionalismo. A principal falha foi a aus√™ncia do nome do cliente, que teria melhorado o rapport e a experi√™ncia geral.","2026-01-19 16:55:50.812","N√£o identificado","Chevrolet Onix"
31,236,"A conversa n√£o forneceu indica√ß√£o de sauda√ß√£o inicial do agente.","nao","M√©dio","nao","Informal demais","Nenhum","sim","N√£o √© mencionado no trecho fornecido","nao","Positivo","D√∫vida",7,"O cliente demonstrou satisfa√ß√£o ao final da conversa, o que √© positivo. A intera√ß√£o foi informal e poderia se beneficiar de uma abordagem mais profissional. N√£o houve uso de emojis, o que poderia ter deixado a conversa mais leve e pr√≥xima. O atendimento foi resolutivo, mas o acompanhamento do nome do cliente n√£o foi realizado, o que seria importante para personaliza√ß√£o.","2026-01-19 17:20:47.656","N√£o identificado","Cruze"
32,253,"A sauda√ß√£o foi realizada de maneira educada e formal.","sim","Baixo","nao","Profissional e acolhedor","Nenhum","n√£o","N√£o identificado","n√£o","Neutro","D√∫vida",5,"A conversa iniciou de forma cort√™s, mas n√£o houve aprofundamento no caso do cliente para solucionar o problema apresentado. O uso do nome do cliente ocorreu de forma apropriada, o que √© um ponto positivo, mas n√£o houve estabelecia uma forte conex√£o ou empatia ao longo do di√°logo. A falta de tentativas de venda adicionais ou ofertas relacionadas foi not√°vel, o que poderia melhorar a experi√™ncia do cliente.","2026-01-19 17:33:36.034","N√£o identificado","N√£o especificado"
33,246,"Ausente","nao","Baixo","nao","Profissional e acolhedor","Nenhum","sim","R√°pido","nao","Positivo","Suporte T√©cnico",7,"A sauda√ß√£o inicial n√£o foi realizada, o que √© um ponto negativo em termos de cordialidade de atendimento. A conversa foi direta e eficiente, com instru√ß√µes claras e pouca troca desnecess√°ria de mensagens. No entanto, o uso do nome do cliente poderia humanizar mais o atendimento e melhorar a percep√ß√£o de empatia.","2026-01-19 17:43:38.079","N√£o identificado","N√£o especificado"
34,255,"Nenhuma sauda√ß√£o inicial foi realizada pelo agente.","nao","Baixo","nao","Profissional e direto","Nenhum","parcial","N√£o aplic√°vel","nao","Neutro","D√∫vida",5,"A intera√ß√£o foi profissional e direta, mas faltou uma sauda√ß√£o e algum uso de nome pessoal para criar um senso de personaliza√ß√£o. N√£o foram utilizados emojis, o que poderia suavizar a comunica√ß√£o. Al√©m disso, n√£o houve tentativa de venda adicional e a resolutividade foi apenas parcial, pois depende do retorno de terceiros.","2026-01-19 17:50:52.612","N√£o identificado","N√£o especificado"
35,190,"Inadequada, pois n√£o houve uma introdu√ß√£o clara ou sauda√ß√£o do agente.","n√£o","Baixo","n√£o","Informal demais","Erros de digita√ß√£o como 'ae' em vez de 'a√≠'.","n√£o","N√£o avali√°vel pela amostra fornecida","n√£o","Neutro","Suporte T√©cnico",3,"A intera√ß√£o apresenta um tom extremamente informal e desestruturado. N√£o houve abordagem ou sauda√ß√£o formal por parte do atendente, indicando falta de profissionalismo. A quest√£o do cliente n√£o foi efetivamente resolvida, pois n√£o h√° ind√≠cios de um suporte ativo ou solu√ß√£o proposta.","2026-01-19 19:25:04.902","N√£o identificado","N√£o especificado"
36,259,"Adequada e educada, mas gen√©rica.","nao","Baixo","nao","Profissional e acolhedor","Nenhum","parcial","N√£o aplic√°vel (informa√ß√µes insuficientes)","nao","Neutro","N√£o identificado",5,"A intera√ß√£o foi extremamente limitada, tornando dif√≠cil uma avalia√ß√£o mais rica. O agente respondeu de forma educada mas muito gen√©rica. O uso do nome do cliente e emojis poderia ajudar a construir mais rapport e empatia. N√£o houve tentativa de venda ou esclarecimento do tipo de atendimento necess√°rio.","2026-01-19 19:46:05.43","N√£o identificado","N√£o especificado"
37,260,"Nenhuma sauda√ß√£o inicial foi feita pelo agente.","nao","Baixo","nao","Informal demais","Nenhum","sim","Irregular","nao","Positivo","Suporte T√©cnico",5,"A conversa n√£o incluiu uma sauda√ß√£o inicial por parte do agente, o que pode impactar negativamente a impress√£o do in√≠cio do atendimento. A linguagem utilizada foi informal demais, o que n√£o √© adequado para todas as intera√ß√µes com clientes e pode afetar a percep√ß√£o da profissionalidade do servi√ßo. Apesar disso, o problema do cliente foi resolvido, resultando em um sentimento positivo ao final da intera√ß√£o.","2026-01-19 20:10:47.451","N√£o identificado","N√£o especificado"
38,245,"Adequada, mas poderia ser mais personalizada.","nao","M√©dio","nao","Profissional e acolhedor","Nenhum","Parcial","R√°pido","sim","Positivo","D√∫vida",8,"O atendimento foi cort√™s e respondeu rapidamente √†s d√∫vidas do cliente, mantendo um tom profissional e acolhedor. No entanto, o atendente n√£o utilizou o nome do cliente em nenhum momento, o que poderia ter tornado a intera√ß√£o mais pessoal. Houve uma tentativa de venda com a men√ß√£o de que o carro vem com r√°dio, aumentando o valor percebido. A resolutividade foi apenas parcial, pois algumas d√∫vidas do cliente n√£o foram completamente esclarecidas.","2026-01-20 10:55:57.919","N√£o identificado","Chery New QQ 1.0 ACT 2018/2019"
39,271,"A primeira mensagem do agente foi acolhedora e cort√™s.","n√£o","M√©dio","sim","Profissional e acolhedor","Nenhum","sim","R√°pido","n√£o","Positivo","D√∫vida",8,"A intera√ß√£o come√ßou de forma amig√°vel e o atendente se mostrou dispon√≠vel para ajudar, inclusive utilizando emojis para humanizar a comunica√ß√£o. O tempo de resposta foi r√°pido, o que contribuiu para uma experi√™ncia positiva. O atendimento foi resolutivo, e o tom de conversa se manteve profissional e acolhedor ao longo de toda a intera√ß√£o. Entretanto, o uso do nome do cliente poderia ter sido inclu√≠do para personalizar ainda mais a comunica√ß√£o e fortalecer o rapport.","2026-01-20 16:58:10.765","N√£o identificado","N√£o especificado"
40,276,"Adequada, por√©m faltou personaliza√ß√£o.","n√£o","Baixo","sim","Profissional e acolhedor","Nenhum","sim","R√°pido","n√£o","Neutro","Vendas",7,"O atendimento foi direto e eficiente, com respostas r√°pidas e tom acolhedor. No entanto, faltou personaliza√ß√£o, como o uso do nome do cliente, o que poderia melhorar a conex√£o. Al√©m disso, n√£o houve tentativa de criar empatia ou de realizar alguma venda adicional.","2026-01-20 17:01:29.799","N√£o identificado","N√£o especificado"
41,274,"Boa tarde, Antonia","sim","M√©dio","n√£o","Profissional e acolhedor","Simula√ß√£o: ""Como ficou as condi√ß√µes"" em vez de ""Como ficaram as condi√ß√µes""","parcial","Irregular","sim","Neutro","Vendas",7,"A conversa come√ßou com uma sauda√ß√£o adequada, usando o nome da cliente, o que ajuda a criar um bom rapport. Houve um erro gramatical not√°vel, que poderia ser evitado para manter um padr√£o de linguagem mais elevado. A resolutividade foi parcial, pois n√£o houve um fechamento concreto da venda ap√≥s a simula√ß√£o inicial. A consultora demonstrou disposi√ß√£o para ajustar as condi√ß√µes em prol do cliente, mas o tempo de resposta foi irregular em alguns momentos.","2026-01-20 18:21:25.119","N√£o identificado","Siena"
42,283,"Adequada e direta ao ponto.","n√£o","Baixo","n√£o","Objetivo","Nenhum","sim","N√£o aplic√°vel","sim","Positivo","Vendas",7,"A intera√ß√£o foi muito direta e focada na solicita√ß√£o do cliente sem excessos. O agente n√£o usou o nome do cliente, o que poderia ter aumentado a personaliza√ß√£o do atendimento. N√£o houve falhas gramaticais e a mensagem foi clara e sem ambiguidades.","2026-01-20 23:39:41.113","N√£o identificado","Ranger"
43,282,"Adequada, o cliente come√ßa prontamente a conversa com uma sauda√ß√£o direta.","n√£o","Baixo","n√£o","Direto e objetivo","Nenhum","n√£o","N√£o aplic√°vel","sim","Neutro","Vendas",4,"A sauda√ß√£o inicial do cliente foi direta e clara, indicando interesse de compra. O uso de emojis n√£o foi aplicado, o que pode ter deixado a conversa menos calorosa. N√£o houve men√ß√£o ao nome do cliente, o que poderia melhorar a personaliza√ß√£o do atendimento. A conversa n√£o teve continuidade ou resolu√ß√£o do pedido, refletindo uma oportunidade perdida para efetivar a venda. √â importante que a equipe de atendimento responda rapidamente e continue o processo para assegurar a satisfa√ß√£o do cliente.","2026-01-20 23:44:44.661","N√£o identificado","Ranger"
44,19,"A conversa n√£o apresenta uma sauda√ß√£o clara ou inicial.","sim","Alto","nao","O tom √© formal e direto.","Nenhum","sim","R√°pido","n√£o","Positivo","D√∫vida",8,"A atendente foi r√°pida e eficiente na resposta. Demonstrou empatia ao usar o nome do cliente, o que pode ter contribu√≠do para uma boa rela√ß√£o. N√£o houve uso de emojis, o que √© adequado dado o tom formal da conversa.","2026-01-21 02:00:16.011",NULL,NULL
45,26,"Cliente se apresenta de forma informal, demonstrando abertura na conversa.","sim","Alto","sim","Conversa descontra√≠da e amig√°vel.","Nenhum","parcial","R√°pido","sim","Positivo","Vendas",8,"O cliente demonstra casamento pr√≥ximo a um interesse humor√≠stico, o que ajuda a criar um bom rapport. A solicita√ß√£o de mais op√ß√µes refor√ßa o potencial de venda. No entanto, a conversa poderia incluir mais informa√ß√µes sobre os produtos dispon√≠veis para aumentar a resolutividade.","2026-01-21 02:00:16.022",NULL,NULL
46,279,"Boa noite, Karina! Tudo bem?","sim","M√©dio","sim","Profissional e acolhedor","Nenhum","parcial","R√°pido","sim","Positivo","Vendas",8,"A atendente fez uma sauda√ß√£o inicial adequada e utilizou o nome da cliente corretamente, estabelecendo um bom in√≠cio para a intera√ß√£o. A conversa foi profissional e acolhedora, e a atendente foi eficiente ao oferecer informa√ß√µes detalhadas sobre o produto e explorar possibilidades de financiamento. No entanto, a resolu√ß√£o foi parcial devido √† restri√ß√£o de cr√©dito do cliente, o que impediu a conclus√£o da venda. O uso de emojis adicionou um toque amig√°vel √† conversa, contribuindo para um sentimento positivo geral.","2026-01-21 13:48:21.056","N√£o identificado","Chevrolet Onix"
47,295,"Cordial e informativa, apresentou-se adequadamente.","n√£o","Alto","n√£o","Profissional e acolhedor","Nenhum","n√£o","R√°pido","sim","Neutro","Vendas",7,"A sauda√ß√£o inicial foi adequada e a atendente se apresentou de forma clara e profissional. O uso de um tom acolhedor ajudou a criar um bom rapport e empatia com o cliente, apesar da preocupa√ß√£o levantada por ele sobre a 'fama ruim' do ve√≠culo. N√£o houve resolu√ß√£o da venda, pois o cliente se mostrou desinteressado no modelo devido a suas preocupa√ß√µes. No entanto, a comunica√ß√£o foi eficiente em termos de tempo de resposta e detalhamento do produto.","2026-01-21 14:24:38.095","N√£o identificado","Chevrolet Onix"
48,299,"A primeira mensagem do agente foi educada e seguiu boas pr√°ticas de atendimento ao se apresentar e perguntar sobre o bem-estar do cliente.","sim","M√©dio","n√£o","Profissional e acolhedor","Nenhum","parcial","R√°pido","sim","Neutro","Vendas",8,"A atendente usou o nome do cliente, o que personaliza a intera√ß√£o. O tom de conversa foi profissional e cort√™s, mas poderia ter mostrado mais empatia ao cliente limitado por or√ßamento ou quilometragem. O atendimento foi eficiente em responder rapidamente e fornecer informa√ß√µes detalhadas sobre o produto. Seria ben√©fico perguntar mais sobre as necessidades espec√≠ficas do cliente para oferecer solu√ß√µes mais adequadas.","2026-01-21 14:39:37.012","N√£o identificado","Ford Ranger, S10"
49,303,"Eficiente, reconheceu o cliente e fez men√ß√£o ao contato pr√©vio.","sim","M√©dio","nao","Profissional e acolhedor","'usa' deveria ser 'sua', 'conseguisemos' deveria ser 'consegu√≠ssemos'","sim","R√°pido","sim","Positivo","Vendas",8,"O atendimento foi eficiente, com respostas r√°pidas e tom acolhedor. O nome da cliente foi utilizado, ajudando a personalizar a intera√ß√£o. No entanto, foram observados alguns erros gramaticais que poderiam ser evitados. Houve uma tentativa de incluir venda adicional ao discutir a troca do carro. O cliente saiu da conversa com um sentimento positivo, indicando satisfa√ß√£o com o atendimento.","2026-01-21 16:08:44.798","Loja F√≠sica","Sorento"
50,311,"Boa tarde, Jo√£o Paulo! Tudo bem?","sim","M√©dio","n√£o","Profissional e acolhedor","Nenhum","sim","R√°pido","n√£o","Neutro","Vendas",8,"A atendente iniciou a conversa de maneira cort√™s e profissional, utilizando o nome do cliente. A conversa foi resolutiva, pois o cliente esclareceu sua d√∫vida rapidamente. No entanto, n√£o houve uma tentativa de explorar alternativas ou outras sugest√µes de venda ap√≥s o desinteresse do cliente.","2026-01-21 18:25:55.032","N√£o identificado","Mitsubishi Pajero TR4"
51,310,"Adequada, por√©m sem personaliza√ß√£o.","n√£o","Baixo","n√£o","Profissional, por√©m sem acolhimento","Nenhum","n√£o","R√°pido","n√£o","Negativo","Vendas",3,"A sauda√ß√£o inicial foi r√°pida, mas n√£o personalizada, o que pode ter impactado na conex√£o com o cliente. N√£o houve uso do nome do cliente, o que diminui a personaliza√ß√£o. Al√©m disso, a intera√ß√£o careceu de acolhimento e empatia. Apesar da rapidez na resposta, n√£o houve tentativa de venda ou encaminhamento eficaz para o interesse do cliente, resultando em falta de resolutividade.","2026-01-21 21:24:04.276","N√£o identificado","Mitsubishi Pajero"
52,309,"Bom dia, Patrick! Tudo bem?","sim","M√©dio","n√£o","Profissional e acolhedor","Nenhum","parcial","N√£o especificado","sim","Positivo","Vendas",8,"O atendimento foi cort√™s e o nome do cliente foi utilizado de forma adequada, criando uma conex√£o personalizada. A apresenta√ß√£o do produto foi clara e bem detalhada, sugerindo uma boa pr√°tica de vendas. No entanto, n√£o h√° men√ß√£o sobre o pr√≥ximo passo para concretizar a venda, o que poderia aumentar a resolutividade da intera√ß√£o.","2026-01-21 21:24:21.462","N√£o identificado","Peugeot 2008 1.6 Allure"
53,307,"Adequada, com instru√ß√µes claras para o cliente.","sim","M√©dio","sim","Profissional e acolhedor","'denovo' em vez de 'de novo', 'ta' em vez de 'est√°'","sim","R√°pido","sim","Positivo","Suporte T√©cnico",8,"A sauda√ß√£o inicial foi clara e amig√°vel, facilitando a navega√ß√£o para o cliente. Houve um uso adequado dos nomes dos clientes, aumentando a personaliza√ß√£o do atendimento. Embora pequenos erros gramaticais tenham aparecido, o tom profissional e acolhedor ajudou a manter uma intera√ß√£o positiva. O problema foi resolvido de forma r√°pida e eficaz, com tentativas de upsell/cross-sell para marcar um treinamento. O tempo de resposta foi r√°pida, mantendo o interesse e a satisfa√ß√£o do cliente.","2026-01-22 13:16:46.34","N√£o identificado","N√£o especificado"
54,172,"Oi, tudo bem? üòä Aqui √© a Julia, da Snick Motors.","nao","M√©dio","sim","Profissional e acolhedor","Nenhum","n√£o","R√°pido","sim","Neutro","Vendas",7,"A intera√ß√£o come√ßou de forma bem acolhedora, com a sauda√ß√£o inicial sendo simp√°tica e profissional. A agente utilizou emojis de forma adequada, o que colaborou para um tom mais amig√°vel na conversa. No entanto, o nome do cliente n√£o foi utilizado, o que pode diminuir a personaliza√ß√£o do atendimento. Apesar do esfor√ßo, a cliente n√£o tomou uma decis√£o de compra, mas a agente se mostrou proativa ao oferecer enviar informa√ß√µes futuras. No geral, a atendente manteve um bom tom de conversa e buscou ser √∫til dentro das condi√ß√µes apresentadas.","2026-01-22 13:16:52.849","N√£o identificado","Mitsubishi Pajero"
55,172,"Oi, tudo bem? üòä Aqui √© a Julia, da Snick Motors. Estou passando pra saber se posso te ajudar com alguma informa√ß√£o sobre o ve√≠culo.","nao","M√©dio","sim","Profissional e acolhedor","Nenhum","parcial","N√£o identificado","sim","Negativo","Vendas",7,"A sauda√ß√£o inicial foi cort√™s e amig√°vel, utilizando emojis para adicionar um tom acolhedor. O atendente n√£o usou o nome do cliente, o que poderia ter melhorado a personaliza√ß√£o do atendimento. A atendente abordou a situa√ß√£o do cliente com empatia, por√©m o problema de pre√ßo n√£o foi resolvido de imediato. Em caso de futuras op√ß√µes mais acess√≠veis, a atendente prontamente se ofereceu para contatar o cliente, mostrando proatividade.","2026-01-22 13:16:55.262","N√£o identificado","Mitsubishi Pajero"
56,273,"Inadequada, pois a resposta foi apenas 'T√° bem'.","n√£o","Baixo","sim","Profissional e acolhedor","Oque (o que)","parcial","Irregular","sim","Neutro","Vendas",5,"A sauda√ß√£o inicial da atendente foi bastante informal e n√£o incluiu o nome do cliente, o que pode ser visto como falta de personaliza√ß√£o. O uso de emojis pela atendente ajudou a dar um tom mais acolhedor √† conversa. Havia erros gramaticais, como o uso incorreto de 'Oque'. A oportunidade de venda foi bem abordada, mas o cliente n√£o tomou uma decis√£o definitiva na conversa.","2026-01-22 13:29:21.716","N√£o identificado","N√£o especificado"
57,270,"Adequada e cort√™s, saudando o cliente com 'Bom dia'.","sim","M√©dio","sim","Profissional e acolhedor","Nenhum","parcial","Irregular","n√£o","Positivo","Suporte T√©cnico",8,"A intera√ß√£o foi conduzida de maneira cort√™s e a sauda√ß√£o inicial estava apropriada. O uso do nome do cliente foi correto, mas o tempo de resposta entre algumas mensagens foi irregular. Al√©m disso, houve uma boa tentativa de criar rapport, embora pudesse ser melhor desenvolvida. No geral, o cliente demonstrou um sentimento positivo ao final da conversa.""","2026-01-22 13:30:51.353","N√£o identificado","C4"
58,312,"Adequada, mas poderia incluir mais informa√ß√µes.","sim","Baixo","n√£o","Profissional, por√©m muito direto","Nenhum","n√£o","N√£o aplic√°vel (conversa muito curta)","n√£o","Neutro","Contato telef√¥nico",5,"A sauda√ß√£o inicial foi direta, por√©m faltou uma tentativa de engajamento maior com o cliente. O nome do cliente foi utilizado de forma correta, mas a intera√ß√£o careceu de empatia e desenvolvimento. N√£o houve erros gramaticais, no entanto, o agente n√£o conseguiu resolver o problema do cliente. A conversa foi muito curta e direta, sem espa√ßo para avaliar o tempo de resposta.","2026-01-22 14:35:39.944","N√£o identificado","N√£o especificado"
59,302,"Boa tarde! Tudo bem?","sim","M√©dio","n√£o","Profissional e acolhedor","Nenhum","n√£o","N√£o aplic√°vel","n√£o","Negativo","Vendas",6,"A sauda√ß√£o inicial foi adequada, mostrando cordialidade. Foi demonstrado um bom n√≠vel de empatia, embora o cliente tenha escolhido outro fornecedor. O tom utilizado foi profissional e acolhedor, o que √© positivo na intera√ß√£o. A conversa n√£o teve resolutividade, pois o cliente j√° havia decidido por outra loja, o que √© um ponto negativo. N√£o houve men√ß√£o ao uso de emojis, e a comunica√ß√£o foi clara sem erros gramaticais.","2026-01-22 14:52:44.551","N√£o identificado","N√£o especificado"
60,329,"A sauda√ß√£o inicial foi ausente, pois a primeira mensagem do agente n√£o foi de sauda√ß√£o.","nao","M√©dio","nao","Profissional e acolhedor","Nenhum","parcial","N√£o avaliado","sim","Positivo","Vendas",7,"A conversa demonstrou profissionalismo e um tom acolhedor, embora n√£o tenha inclu√≠do uma sauda√ß√£o inicial. O agente n√£o usou o nome do cliente, o que poderia ter ajudado a criar uma conex√£o mais forte. A intera√ß√£o mostrou comprometimento em atender a futura demanda do cliente, mas sem uma solu√ß√£o imediata para a necessidade mencionada. N√£o houve uso de emojis, o que n√£o comprometeu a qualidade da conversa, por√©m poderia ter ajudado na expressividade.","2026-01-22 15:00:03.383","N√£o identificado","Fiorino e Doblo"
61,328,"O atendimento iniciou com um lembrete cordial sobre um treinamento, mas a primeira intera√ß√£o direta do agente foi apenas 'Oi'.","nao","Baixo","sim","Informal demais","Nenhum","parcial","R√°pido","nao","Positivo","D√∫vida",5,"A conversa iniciou com um lembrete do cliente que foi claro e profissional. A resposta inicial do agente foi muito simples e informal, sem utiliza√ß√£o do nome da cliente. O atendente n√£o fez uso de boas pr√°ticas de acolhimento, o que repercutiu em um n√≠vel baixo de empatia. A intera√ß√£o foi resolutiva apenas em parte, pois n√£o houve muitos detalhes fornecidos pelo agente.","2026-01-22 16:14:17.845","N√£o identificado","N√£o especificado"
62,322,"Adequada, cumprimenta o cliente e se apresenta.","n√£o","Baixo","n√£o","Profissional","Nenhum","sim","N√£o especificado","n√£o","Neutro","D√∫vida",6,"A atendente iniciou a conversa de forma educada, mas n√£o utilizou o nome do cliente, o que poderia melhorar a personaliza√ß√£o. O atendimento foi direto e profissional, mas com pouca empatia. A quest√£o do cliente foi respondida, mas n√£o houve tentativas de venda adicional ou sugest√µes alternativas.","2026-01-22 20:33:58.495","N√£o identificado","Mercedes CLA200 2015"
63,27,"Cliente demonstra interesse e est√° √† espera de apresenta√ß√£o de op√ß√µes.","sim","Alto","nao","Informal e amig√°vel, com um toque de humor.","Nenhum","parcial","R√°pido","sim","Positivo","D√∫vida",8,"A conversa mostra um bom n√≠vel de rapport, com o cliente usando humor. H√° uma solicita√ß√£o de alternativas dentro do mesmo pre√ßo, o que indica interesse. A resposta √† d√∫vida foi parcial, pois n√£o foram apresentadas as op√ß√µes no momento.","2026-01-23 02:00:15.299",NULL,NULL
64,28,"O cliente estava aguardando para mostrar algo para sua mulher.","sim","M√©dio","n√£o","Informal e amig√°vel, com uso de risadas.","Nenhum","parcial","Irregular","sim","Positivo","D√∫vida",8,"O cliente demonstra interesse em adquirir mais produtos, o que indica uma boa oportunidade de venda. A conversa tem um tom leve e amig√°vel. No entanto, a resposta do atendente poderia ser mais r√°pida para aumentar a efetividade do atendimento.","2026-01-23 02:00:15.309",NULL,NULL
65,206,"Adequada, mas atrasada em rela√ß√£o √†s mensagens do cliente.","n√£o","M√©dio","n√£o","Profissional e acolhedor","Nenhum","sim","R√°pido","n√£o","Positivo","Suporte T√©cnico",7,"A sauda√ß√£o inicial do agente foi adequada, contudo, ocorreu ap√≥s v√°rias mensagens do cliente, o que pode causar insatisfa√ß√£o. O atendimento foi eficiente em resolver a solicita√ß√£o de agendamento, com respostas r√°pidas e objetivas. A intera√ß√£o demonstrou um tom profissional e acolhedor, mas poderia ter demonstrado mais empatia. N√£o houve tentativas de venda adicional durante a intera√ß√£o.","2026-01-23 09:16:19.814","N√£o identificado","Sandero, Cruze"
66,373,"Inadequada e pouco informativa.","sim","Baixo","n√£o","Direto e sem acolhimento","Nenhum","n√£o","N√£o avaliado","n√£o","Negativo","Vendas",3,"A sauda√ß√£o inicial foi inadequada e n√£o estabeleceu a raz√£o do contato. N√£o houve tentativa de criar conex√£o ou empatia com o cliente, resultando em uma intera√ß√£o fria. A conversa foi direta, o que pode ser eficaz em alguns casos, mas neste faltou acolhimento e clareza, contribuindo para o desinteresse do cliente.","2026-01-27 13:12:45.792","N√£o identificado","N√£o especificado"
67,375,"A conversa foi iniciada pelo cliente, n√£o h√° sauda√ß√£o do agente para avaliar.","nao","Baixo","nao","Neutro","Nenhum","n√£o","N√£o √© poss√≠vel avaliar com as informa√ß√µes fornecidas.","sim","Neutro","Vendas",5,"A conversa foi iniciada pelo cliente, sem uma intera√ß√£o inicial do agente. N√£o houve personaliza√ß√£o no atendimento, como uso do nome do cliente. A intera√ß√£o foi neutra com pouca demonstra√ß√£o de empatia ou engajamento. O cliente mencionou interesse em carros espec√≠ficos, mas n√£o houve resolu√ß√£o ou fechamento da venda aparente. A oportunidade de venda n√£o foi explorada eficientemente.","2026-01-27 13:15:32.986","N√£o identificado","Gol, Meriva"
68,205,"Adequada, mas poderia ser mais cordial.","n√£o","Baixo","n√£o","Informal demais","Nenhum","parcial","Irregular","n√£o","Neutro","Suporte T√©cnico",4,"A conversa carece de cordialidade e um melhor uso do nome do cliente, que n√£o √© utilizado em momento algum. O tom √© bastante informal, o que pode ser visto como falta de profissionalismo. Apesar da tentativa do atendente de resolver a situa√ß√£o, a troca de informa√ß√µes ocorre de forma irregular e persiste a d√∫vida sobre a situa√ß√£o dos ve√≠culos, indicando uma resolutividade parcial.","2026-01-27 13:31:31.914","N√£o identificado","Cruze"
69,324,"Educa√ß√£o e r√°pida resposta inicial.","sim","M√©dio","n√£o","Profissional e acolhedor","Nenhum","sim","R√°pido","n√£o","Positivo","D√∫vida",9,"O atendimento foi eficiente e com respostas r√°pidas, proporcionando uma boa experi√™ncia ao cliente. O agente usou o nome do cliente de forma apropriada, o que ajuda a personalizar a intera√ß√£o. N√£o houve erros gramaticais nem uso de emojis, por√©m a comunica√ß√£o foi clara e profissional. N√£o foram identificados ind√≠cios de oportunidades de venda adicional.","2026-01-27 14:40:26.348","N√£o identificado","Cruze"
70,379,"Adequada e cort√™s, iniciando com um cumprimento de 'Boa tarde!'.","n√£o","Baixo","n√£o","Profissional e acolhedor","Nenhum","sim","R√°pido","sim","Positivo","Vendas",8,"A atendente iniciou a conversa de forma cort√™s e profissional, mas n√£o utilizou o nome do cliente, que poderia ajudar na constru√ß√£o de um rapport mais pessoal. A descri√ß√£o do produto foi abrangente e objetiva, proporcionando informa√ß√µes detalhadas sobre a Ford Ranger. N√£o houve uso de emojis, o que poderia suavizar a conversa, mas foi eficiente ao fornecer os detalhes de forma clara. O tempo de resposta foi r√°pido e houve esfor√ßos efetivos para a venda, demonstrando boa pr√°tica em vendas.","2026-01-27 15:29:05.015","N√£o identificado","Ranger"
71,380,"Adequada, por√©m faltou uma sauda√ß√£o formal.","nao","M√©dio","nao","Profissional e acolhedor","Nenhum","parcial","R√°pido","sim","Positivo","Vendas",7,"A conversa foi eficiente em termos de tempo de resposta e mantida em tom profissional e acolhedor. N√£o houve erros gramaticais not√°veis na intera√ß√£o. Uma sauda√ß√£o inicial mais formal e o uso do nome do cliente teriam melhorado o n√≠vel de personaliza√ß√£o e engajamento.","2026-01-27 16:22:03.036","N√£o identificado","Toyota"
72,33,"Cliente iniciou a conversa com uma sauda√ß√£o cordial e agradecendo.","sim","Alto","sim","Conversa amig√°vel e descontra√≠da, com trocas de mensagens informais.","Nenhum","parcial","R√°pido","sim","Positivo","Vendas",8,"O atendente demonstrou empatia e rapport ao longo da conversa. O uso de emojis foi positivo, tornando a intera√ß√£o mais leve. No entanto, houve uma quest√£o n√£o resolvida com o aplicativo de financiamento que poderia ter sido mais bem esclarecida.","2026-01-28 02:00:15.237",NULL,NULL
73,34,"O cliente come√ßou com um agradecimento e reconhecimento da conversa anterior.","sim","Alto","sim","A conversa foi cordial e leve, com uso de humor e emojis.","Nenhum","parcial","Irregular","sim","Positivo","D√∫vida",8,"A conversa demonstrou uma boa empatia e rapport entre o cliente e a atendente. O uso de emojis e humor ajudou a criar um ambiente descontra√≠do. No entanto, houve d√∫vidas sobre o valor do contrato e problemas com o aplicativo de financiamento, o que indica espa√ßo para melhorias na clareza e funcionalidade.","2026-01-28 02:00:15.26",NULL,NULL
74,387,"Inadequada, n√£o houve cumprimento inicial.","n√£o","Baixo","n√£o","Profissional e direto","Sim 'eendere√ßo' deveria ser 'endere√ßo'","parcial","R√°pido","sim","Neutro","D√∫vida",5,"A conversa come√ßou sem uma sauda√ß√£o apropriada do atendente, o que pode afetar negativamente a cortesia do atendimento. O atendente n√£o usou o nome do cliente durante a intera√ß√£o, o que poderia ter melhorado a personaliza√ß√£o do atendimento. A conversa teve um tom profissional e direto, mas faltou empatia nas respostas. Houve alguns erros gramaticais que precisam ser corrigidos. A resolu√ß√£o das quest√µes foi apenas parcial, pois algumas perguntas do cliente n√£o foram diretamente respondidas. O potencial para venda adicional foi identificado, mas poderia ter sido explorado de maneira mais eficaz.","2026-01-28 11:21:22.529","N√£o identificado","Onix Premier"
75,386,"Adequada, clara e direta.","sim","M√©dio","n√£o","Profissional e acolhedor","'disponivel' deveria ser 'dispon√≠vel'. 'Oque', deveria ser 'O que'","Parcial","R√°pido","sim","Positivo","Vendas",8,"A intera√ß√£o come√ßou com uma sauda√ß√£o clara e apropriada. O agente usou adequadamente o nome do cliente, o que ajuda a construir um relacionamento. Houve alguns erros gramaticais que deveriam ser corrigidos, mas a conversa foi conduzida de maneira profissional e acolhedora. A resolutividade foi parcial, pois o cliente n√£o encontrou exatamente o modelo desejado, mas foi iniciada uma tentativa de encontrar outro ve√≠culo. O tempo de resposta foi r√°pido e houve uma boa tentativa de vender um outro carro, mostrando iniciativa por parte do atendente.","2026-01-28 11:59:12.323","N√£o identificado","Onix"
76,389,"Inadequada, n√£o houve uma sauda√ß√£o inicial.","n√£o","M√©dio","n√£o","Informal demais","Nenhum","parcial","R√°pido","sim","Positivo","Vendas",6,"A conversa apresentou um tom informal, o que pode n√£o ser adequado para todos os clientes. Falta de sauda√ß√£o inicial e uso do nome do cliente reduz a personaliza√ß√£o do atendimento. O agente foi r√°pido nas respostas e h√° uma tentativa de venda identificada.","2026-01-28 12:02:47.157","N√£o identificado","GM/ASTRA HB 4P ADVANTAGE 2011"
77,393,"N√£o aplic√°vel","nao","Baixo","nao","Profissional e acolhedor","Nenhum","N√£o aplic√°vel","N√£o aplic√°vel","sim","Positivo","Vendas",8,"A conversa foi curta e n√£o houve muito espa√ßo para mostrar empatia ou criar um rapport, portanto, o n√≠vel de empatia foi classificado como baixo. O cliente mostrou aprecia√ß√£o e satisfa√ß√£o ao final da intera√ß√£o, o que aponta um sentimento geral positivo. Apesar de n√£o ter havido a oportunidade de uma venda nessa intera√ß√£o, houve uma lembran√ßa de compra que pode ser vista como uma inten√ß√£o de realizar um poss√≠vel upsell no futuro.","2026-01-28 15:34:43.751","N√£o identificado","N√£o especificado"
78,146,"Adequada e educada, mas demorou para responder em rela√ß√£o ao pre√ßo e fotos.","sim","M√©dio","n√£o","Profissional e acolhedor","Recebi uma Meriva 1.4 e lembeei de ti; Quando voc√™ tem disponibilidade para vi at√© a loja para avaliamos?; Onrigado","sim","R√°pido","sim","Positivo","Vendas",8,"A intera√ß√£o foi geralmente positiva, mantendo um tom profissional e acolhedor. O uso do nome do cliente foi apropriado, estabelecendo uma conex√£o pessoal. Houve alguns erros gramaticais que afetaram a clareza da comunica√ß√£o. A resolutividade foi boa, com respostas r√°pidas e claras sobre o produto e condi√ß√µes de troca.","2026-01-28 16:30:45.955","N√£o identificado","Meriva 1.4"
79,277,"Capaz, sem problemas!","sim","Alto","n√£o","Profissional e acolhedor","Alguns erros de gram√°tica na palavra 'oque' e erros menores de digita√ß√£o.","sim","R√°pido","sim","Positivo","Suporte T√©cnico",8,"O agente iniciou a conversa com uma resposta cort√™s e emp√°tica, o que facilitou a cria√ß√£o de um bom rapport. O uso do nome do cliente foi feito adequadamente, demonstrando personaliza√ß√£o e aten√ß√£o. Apesar de alguns erros gramaticais e de digita√ß√£o, o atendimento foi eficiente ao resolver o problema do cliente. O agente tamb√©m explorou a oportunidade de vendas adicionais, mas poderia ter oferecido suporte um pouco mais proativo em rela√ß√£o ao servi√ßo t√©cnico. No geral, o atendimento foi bem-sucedido com um sentimento final positivo por parte do cliente.","2026-01-28 17:17:12.068","N√£o identificado","N√£o especificado"
80,382,"Adequada e cort√™s, iniciou a conversa de forma positiva.","sim","M√©dio","n√£o","Profissional e acolhedor","'Oque' em vez de 'O que', 'anunciar e te ajudar vender' poderia ser 'ajud√°-lo a vender', 'conisgnado' em vez de 'consignado', 'apace' parece erro de digita√ß√£o para 'Space'","sim","R√°pido","n√£o","Positivo","Vendas",8,"O atendimento foi cort√™s e eficiente, com r√°pidas respostas e uma clara explica√ß√£o do processo de consigna√ß√£o. Alguns erros gramaticais menores foram observados, mas n√£o comprometeram a comunica√ß√£o. O cliente saiu satisfeito com a solu√ß√£o apresentada, mostrando um sentimento positivo ao final da conversa.","2026-01-28 18:35:20.117","N√£o identificado","Spacefox 2019"
81,35,"O cliente come√ßou a conversa com uma sauda√ß√£o descontra√≠da e amig√°vel.","sim","Alto","sim","Conversa√ß√£o amig√°vel e informal, com trocas de mensagens descontra√≠das.","Nenhum","parcial","R√°pido","sim","Positivo","D√∫vida",8,"A comunica√ß√£o flui bem, com o cliente demonstrando satisfa√ß√£o em v√°rios momentos. O uso de emojis e risadas cria uma atmosfera leve. A quest√£o do financiamento foi tratada, mas houve uma pequena confus√£o com os valores, o que requer uma resposta mais clara para garantir a resolu√ß√£o completa.","2026-01-29 02:00:16.421",NULL,NULL
82,44,"O cliente cumprimenta com ""Bom dia"".","sim","M√©dio","sim","Conversa√ß√£o informal com uso de g√≠rias e emojis, mostrando um clima descontra√≠do.","""de boas"", ""simula p mim"", ""t√° na loja?"".","parcial","Irregular","sim","Neutro","D√∫vida",7,"A conversa apresenta um tom informal e pr√≥ximo, o que pode facilitar a conex√£o com o cliente. Contudo, a falta de clareza em alguns pontos e o uso excessivo de g√≠rias podem dificultar a compreens√£o. A intera√ß√£o √© din√¢mica, mas a resolutividade das quest√µes abordadas √© apenas parcial, indicando que o cliente ainda possui d√∫vidas.","2026-01-29 02:00:16.431",NULL,NULL
83,405,"Adequada e educada, iniciando com um cumprimento e apresenta√ß√£o.","n√£o","Baixo","n√£o","Profissional e acolhedor","Nenhum","sim","R√°pido","n√£o","Neutro","D√∫vida",7,"A atendente iniciou a conversa de forma educada e apresentou-se adequadamente. A comunica√ß√£o foi clara e r√°pida, atendendo diretamente √† d√∫vida do cliente sobre a quilometragem do ve√≠culo. No entanto, faltou uma tentativa de gerar mais engajamento ou explorar uma oportunidade de venda adicional.","2026-01-29 09:19:06.52","N√£o identificado","Spin"
84,391,"Adequada e cort√™s, embora repetitiva.","sim","M√©dio","n√£o","Profissional e acolhedor","'Oque' deveria ser 'O que'","n√£o","R√°pido","sim","Neutro","Vendas",7,"A sauda√ß√£o inicial foi cort√™s, mas houve repeti√ß√£o, o que pode ser melhorado. O uso do nome do cliente foi apropriado, criando alguma conex√£o, embora o n√≠vel de empatia pudesse ser mais alto. A agente de vendas foi r√°pida nas respostas e tentou oferecer alternativas quando a primeira op√ß√£o n√£o agradou, mas n√£o foi bem-sucedida na venda do ve√≠culo desejado pelo cliente.","2026-01-29 10:36:20.909","N√£o identificado","Chevrolet Spin"
85,361,"Adequada e cordial, apropriada para contexto de vendas.","sim","M√©dio","sim","Profissional e acolhedor","Nenhum","sim","R√°pido","sim","Positivo","Vendas",8,"A atendente come√ßou a conversa de maneira amig√°vel e introduziu-se apropriadamente. O uso do nome do cliente foi correto e contribuiu para personalizar o atendimento. Respostas r√°pidas e informa√ß√µes claras demonstraram efici√™ncia. Houve uso de emojis, que ajudou a criar um tom mais amig√°vel. A atendente aproveitou a oportunidade para refor√ßar o interesse do cliente, indicando indicios de tentativa de venda adicional. A gram√°tica estava correta, sem erros aparentes. O cliente demonstrou um sentimento positivo, embora tamb√©m estivesse considerando outras op√ß√µes de compra em Porto Alegre.","2026-01-29 11:01:54.292","N√£o identificado","Chevrolet Spin"
86,407,"Aus√™ncia de sauda√ß√£o inicial. Primeiro contato direto sobre o produto.","nao","Baixo","nao","Profissional","'Oque' deveria ser 'O que'","parcial","N√£o aplic√°vel","sim","Neutro","Vendas",5,"A intera√ß√£o iniciou sem uma sauda√ß√£o inicial ou reconhecimento do cliente, o que pode impactar negativamente na constru√ß√£o de um bom relacionamento. N√£o houve personaliza√ß√£o, como o uso do nome do cliente, que pode ajudar a criar uma conex√£o mais individualizada. Embora o atendente tenha oferecido detalhes sobre o ve√≠culo de forma direta, faltou um esfor√ßo maior para engajar o cliente e entender suas necessidades espec√≠ficas.","2026-01-29 11:24:50.515","N√£o identificado","Chevrolet Spin 1.8 Active"
87,385,"Adequada e cordial, mas repetitiva ao se identificar mais de uma vez.","sim","M√©dio","sim","Profissional e acolhedor","Nenhum","parcial","R√°pido","sim","Neutro","Vendas",7,"A atendente se apresentou de maneira cordial e usou o nome do cliente, o que √© positivo. Houve repeti√ß√£o desnecess√°ria ao se identificar novamente. A conversa foi conduzida de maneira profissional e acolhedora, com uso apropriado de emojis para suavizar o tom. O sentimento final do cliente foi neutro, indicando que mais informa√ß√µes poderiam ter sido fornecidas para aumentar o engajamento.","2026-01-29 11:29:01.702","N√£o identificado","Chevrolet Spin"
88,362,"Adequada, com sauda√ß√£o de boa tarde e pergunta sobre o bem-estar do cliente.","sim","M√©dio","sim","Profissional e acolhedor","'Possou' em vez de 'passou', 'aurocarro' em vez de 'autocarro', 'N√£o tem problema', deveria ser 'N√£o tem problema!'.","parcial","Irregular","sim","Neutro","Vendas",7,"A conversa foi conduzida de forma profissional e acolhedora, utilizando o nome do cliente adequadamente. No entanto, houve erros gramaticais que podem comprometer a clareza da comunica√ß√£o. A sauda√ß√£o inicial foi adequada e a tentativa de empatia foi m√©dia, com alguns trechos mais t√©cnicos na explica√ß√£o do processo de consigna√ß√£o. O tempo de resposta foi irregular, o que pode desmotivar o cliente. A conversa mostrou indicativos de venda e a proposta de consigna√ß√£o foi claramente apresentada, mas o cliente n√£o teve seu problema completamente resolvido.","2026-01-29 13:56:17.464","N√£o identificado","Creta"
89,396,"Boa tarde!","nao","Baixo","nao","Profissional e acolhedor","Nenhum","sim","R√°pido","nao","Positivo","Vendas",8,"A sauda√ß√£o inicial foi adequada e cort√™s. O atendente n√£o usou o nome do cliente durante a intera√ß√£o, o que pode impactar a personaliza√ß√£o do atendimento. O tempo de resposta foi r√°pido, garantindo uma comunica√ß√£o eficiente e direta com o cliente.","2026-01-29 14:09:26.375","N√£o identificado","Kit correia dentada"
90,45,"In√≠cio da conversa com um tom amig√°vel, emojis e informalidade.","sim","Alto","sim","Informal e descontra√≠do, com troca de mensagens r√°pidas.","Nenhum","parcial","R√°pido","sim","Positivo","D√∫vida",8,"A conversa apresenta um forte rapport entre as partes, evidenciado pelo uso de emojis e linguagem coloquial. Apesar disso, a resolu√ß√£o de d√∫vidas parece ser parcial, com alguns pontos n√£o totalmente claros. A agilidade nas respostas √© um ponto positivo, mostrando envolvimento e interesse.","2026-01-30 02:00:13.941",NULL,NULL
91,46,"O cliente come√ßou a conversa com uma sauda√ß√£o informal e alegre.","sim","Alto","sim","Conversa informal e descontra√≠da entre o cliente e o atendente.","Nenhum","parcial","Irregular","sim","Neutro","Suporte T√©cnico",8,"A conversa apresenta um bom n√≠vel de empatia entre o cliente e o atendente, com uso de express√µes e emojis que tornam o di√°logo mais leve. No entanto, a resolutividade das quest√µes parece ser parcial, sugerindo a necessidade de mais esclarecimentos. A irregulares nas respostas podem gerar inseguran√ßa no cliente sobre o andamento da sua solicita√ß√£o.","2026-01-30 02:00:13.96",NULL,NULL
92,421,"Adequada e de acordo com o contexto do cliente.","sim","M√©dio","n√£o","Profissional e acolhedor","Nenhum","parcial","R√°pido","sim","Positivo","Vendas",8,"A sauda√ß√£o inicial foi cordial e incluiu o nome do cliente, o que ajuda a criar um bom in√≠cio de conversa. A atendente manteve um tom profissional e acolhedor durante toda a intera√ß√£o, sem cometer erros gramaticais. Apesar da tentativa de venda, a resolu√ß√£o foi parcial devido √† negativa de cr√©dito dos CPFs fornecidos. A atendente foi proativa em buscar uma solu√ß√£o alternativa com o CPF do esposo do cliente.","2026-01-30 14:25:40.725","N√£o identificado","Creta"
93,426,"Adequada, mas com falta de uma apresenta√ß√£o mais amig√°vel.","n√£o","M√©dio","n√£o","Profissional","""Oque"" deveria ser ""O que""","parcial","R√°pido","sim","Neutro","Vendas",7,"O atendimento foi direto ao ponto, com respostas claras e objetivas sobre o produto. No entanto, faltou a utiliza√ß√£o do nome do cliente para criar uma conex√£o mais pessoal. O agente apresentou aten√ß√£o ao tentar entender o or√ßamento do cliente e oferecer detalhes pertinentes, demonstrando boa pr√°tica de venda. Pequenos erros gramaticais e a falta de uso de emojis podem ter deixado a conversa um pouco r√≠gida.","2026-01-30 16:57:21.664","N√£o identificado","SpaceFox"
94,50,"Cliente inicia a conversa com um tom casual e descontra√≠do.","sim","Alto","sim","A conversa √© leve e amig√°vel, com troca de informa√ß√µes e empatia.","Nenhum","sim","R√°pido","sim","Positivo","Vendas",8,"O atendimento deixou uma sensa√ß√£o positiva, com forte empatia e intera√ß√£o entre o atendente e o cliente. O uso de emojis e linguagem informal contribui para um ambiente descontra√≠do, aumentando a satisfa√ß√£o do cliente. Poderia melhorar a clareza em informa√ß√µes espec√≠ficas sobre o produto e prazo de entrega.","2026-01-31 02:00:14.51",NULL,NULL
95,104,"Ol√°, quero comprar a Honda CRV com a Snick Motors!","sim","Alto","n√£o","O tom √© amig√°vel e direto, demonstrando interesse na compra.","Nenhum","sim","R√°pido","sim","Positivo","Vendas",8,"A sauda√ß√£o foi clara e o cliente expressou interesse de forma direta. O uso do nome torna o atendimento mais personalizado. A mensagem, apesar de breve, mostra uma inten√ß√£o de compra efetiva.","2026-01-31 02:00:14.513",NULL,NULL
96,436,"Adequada e amig√°vel.","sim","Alto","sim","Profissional e acolhedor","Nenhum","n√£o","R√°pido","sim","Positivo","Vendas",8,"O atendente utilizou uma sauda√ß√£o inicial apropriada e foi amig√°vel ao se apresentar. Demonstrou aten√ß√£o ao usar o nome do cliente corretamente e se esfor√ßou para criar um rapport emp√°tico e acolhedor. Emojis foram utilizados, contribuindo para um tom mais amig√°vel. No entanto, a conversa se desviou para uma mensagem autom√°tica sobre consertos de celulares, o que pode ter confundido o cliente. A resposta foi r√°pida e houve ind√≠cios de tentativa de venda.","2026-01-31 07:55:23.091","N√£o identificado","SpaceFox"
97,170,"Oii","n√£o","M√©dio","sim","Informal demais","Nenhum","parcial","R√°pido","sim","Neutro","Vendas",6,"A atendente iniciou a conversa de maneira informal e sem uma sauda√ß√£o clara. N√£o foi utilizado o nome do cliente, o que poderia melhorar a personaliza√ß√£o do atendimento. O uso de emojis foi empregado, contribuindo para um tom mais amig√°vel, mas a conversa foi considerada informal demais para um atendimento profissional. A atendente demonstrou interesse em realizar a venda, mas n√£o houve resolutividade total, pois o cliente ainda estava pesquisando pre√ßos. N√£o foram identificados erros gramaticais, e a resposta da atendente foi r√°pida e direta.","2026-01-31 08:21:43.955","N√£o identificado","N√£o especificado"
98,43,"N√£o houve sauda√ß√£o inicial, o atendimento come√ßou sem sauda√ß√µes.","nao","M√©dio","sim","Informal e promocional","Nenhum","parcial","N√£o dispon√≠vel","sim","Neutro","Vendas",6,"A conversa n√£o come√ßou com uma sauda√ß√£o, o que pode impactar na constru√ß√£o de um bom relacionamento inicial com o cliente. O agente usou emojis de maneira eficaz para criar um tom informal e promocional, incentivando a venda. No entanto, n√£o se dirigiu ao cliente pelo nome, o que poderia ter aumentado a pessoalidade no atendimento. A tentativa de venda foi clara, mas n√£o houve um aprofundamento nas quest√µes do cliente sobre os carros. O sentimento geral foi neutro, pois o cliente finalizou indicando que iria pensar, sem express√£o de insatisfa√ß√£o ou entusiasmo extremo.","2026-01-31 08:26:29.05","N√£o identificado","Fiat Argo"
99,139,"A sauda√ß√£o inicial est√° ausente. A conversa inicia com uma mensagem da cliente.","n√£o","Baixo","sim","Informal demais","Nenhum","n√£o","R√°pido","sim","Neutro","Vendas",4,"O atendimento n√£o iniciou com uma sauda√ß√£o adequada e personalizada. N√£o houve uso do nome do cliente, o que diminui a personaliza√ß√£o. O foco do atendimento foi claramente voltado para vendas, sem atender √† d√∫vida inicial do cliente sobre a localiza√ß√£o da loja.","2026-01-31 08:29:33.286","N√£o identificado","N√£o especificado"
100,443,"Adequada, com cordialidade ao responder o cumprimento do cliente.","nao","Baixo","nao","Informal demais","Nenhum","nao","N√£o aplic√°vel","nao","Neutro","D√∫vida",3,"A intera√ß√£o come√ßou com um bom cumprimento por parte do cliente, mas n√£o houve resposta por parte do agente, o que demonstra falta de proatividade. O cliente tentou alguma a√ß√£o sem sucesso, mas n√£o recebeu assist√™ncia. N√£o h√° erros gramaticais na curta intera√ß√£o, mas a oportunidade de ajudar o cliente foi perdida, resultando em falta de resolutividade.","2026-01-31 08:45:31.511","N√£o identificado","N√£o especificado"
101,446,"Nenhuma mensagem inicial do agente detectada.","sim","Baixo","n√£o","Profissional e acolhedor","Nenhum","n√£o","N√£o aplic√°vel","n√£o","Neutro","N√£o especificado",4,"A conversa parece ser unilateral, com mensagens apenas do cliente. N√£o h√° resposta ou intera√ß√£o registrada por parte do agente, o que compromete a resolutividade e o acompanhamento do cliente. O cliente se identifica e menciona um produto, mas n√£o h√° progresso vis√≠vel na conversa. √â necess√°rio melhorar a intera√ß√£o, garantindo respostas atempadas e adequadas √†s necessidades do cliente.","2026-01-31 11:21:33.493","N√£o identificado","Spin"
102,448,"Inadequada, faltou estrutura√ß√£o e formalidade.","n√£o","M√©dio","sim","Informal demais","Nenhum","sim","R√°pido","sim","Positivo","Vendas",7,"A sauda√ß√£o inicial do atendente foi direta e sem a formalidade esperada. Apesar de informal, o tom da conversa conseguiu estabelecer uma boa conex√£o com o cliente, demonstrando algum n√≠vel de empatia. O atendimento foi eficiente e resolveu a demanda do cliente. A presen√ßa de emojis foi adequada ao contexto descontra√≠do da conversa, refor√ßando a intera√ß√£o positiva. Contudo, utilizar o nome do cliente poderia ter incrementado a personaliza√ß√£o do atendimento.","2026-01-31 14:32:04.321","N√£o identificado","N√£o especificado"
103,450,"Adequada, mas poderia ser mais personalizada.","n√£o","M√©dio","n√£o","Profissional e acolhedor","Nenhum","sim","R√°pido","sim","Positivo","Vendas",8,"O atendimento foi profissional e cort√™s, conseguindo transmitir as informa√ß√µes solicitadas de maneira eficiente. A agente se apresentou, o que cria uma conex√£o mais forte, no entanto, n√£o utilizou o nome do cliente, o que poderia aumentar a personaliza√ß√£o do atendimento. Apesar disso, a resolutividade foi alta, com detalhes importantes sobre o ve√≠culo sendo fornecidos.","2026-01-31 15:50:08.603","N√£o identificado","SpaceFox"
104,51,"Inadequada e informal para um atendimento profissional.","n√£o","Baixo","sim","Informal demais","M√∫ltiplos erros gramaticais e de digita√ß√£o.","parcial","Irregular","sim","Neutro","Vendas",3,"A conversa come√ßou de maneira extremamente informal e inadequada para um ambiente de atendimento ao cliente. O uso de emojis e uma linguagem coloquial afetaram a percep√ß√£o de profissionalismo. A capacidade de se colocar no lugar do cliente e demonstrar empatia foi m√≠nima, resultando em um baixo rapport. Havia v√°rias pistas de tentativa de venda, mas a conversa falhou em proporcionar um servi√ßo resolutivo r√°pido. A gram√°tica foi um ponto fraco, com muitos erros not√°veis. O tempo de resposta variou bastante, o que pode ter frustrado o cliente. Esses elementos combinados resultaram em uma experi√™ncia de atendimento abaixo do esperado.","2026-01-31 18:14:46.229","N√£o identificado","CRV, Onix, Kicks, Chevrolet Spin, Sportage"
105,107,"O cliente iniciou a conversa expressando seu interesse em um produto espec√≠fico e fez uma pergunta sobre financiamento.","sim","M√©dio","n√£o","Tom cordial e direto.","Nenhum","parcial","Irregular","sim","Positivo","Vendas",8,"O cliente demonstrou interesse em financiar um produto, o que √© um bom indicativo de venda. A resposta necess√°ria para a pergunta do cliente precisa ser √°gil e precisa, para manter o engajamento. O atendimento poderia ser melhor se houvesse mais empatia, como a utiliza√ß√£o de emojis ou um tom mais acolhedor.","2026-02-01 02:00:18.73",NULL,NULL
106,108,"O cliente iniciou a conversa perguntando sobre op√ß√µes de financiamento.","sim","Alto","n√£o","Direto e interessado nas op√ß√µes de financiamento.","Nenhum","parcial","R√°pido","sim","Positivo","Vendas",8,"O cliente demonstra interesse em saber mais sobre financiamento, indicando um potencial de venda. A resposta do atendente precisa ser clara e informativa para n√£o deixar o cliente com d√∫vidas. √â importante manter o tom amig√°vel e pr√≥ximo para garantir uma boa conex√£o com o cliente.","2026-02-01 02:00:18.749",NULL,NULL
107,464,"Adequada e cordial","n√£o","M√©dio","n√£o","Profissional e acolhedor","Nenhum","n√£o","R√°pido","n√£o","Neutro","Vendas",6,"A sauda√ß√£o inicial foi adequada e a atendente se identificou, o que √© positivo. A conversa foi direta ao ponto, com um tom acolhedor. Contudo, o uso do nome do cliente poderia melhorar o v√≠nculo. N√£o houve tentativa de venda adicional ou de continuar a conversa, al√©m de o cliente ter sido deixado no modo de espera automatizado, o que pode impactar negativamente a experi√™ncia.","2026-02-01 12:59:19.155","N√£o identificado","SpaceFox"
108,455,"Adequada, mas informal, com uso de emojis na resposta inicial.","nao","M√©dio","sim","Informal demais","'eh' deveria ser '√©'; 'nao' deveria ser 'n√£o'; uso excessivo de emojis pode afetar clareza","sim","R√°pido","sim","Positivo","D√∫vida",6,"A sauda√ß√£o inicial foi adequada, por√©m informal e incluiu um emoji. O uso de emojis ao longo da conversa foi excessivo e pode ter influenciado a compreens√£o da mensagem. O atendimento foi r√°pido e conseguiu resolver as d√∫vidas do cliente, o que √© um ponto positivo. No entanto, faltou o uso do nome do cliente para personalizar o atendimento, e houve alguns erros gramaticais. O tom da conversa foi informal demais, o que pode n√£o ser adequado para todos os tipos de clientes. Houve uma tentativa de venda adicional, que √© um ponto positivo para a empresa.","2026-02-01 14:31:43.376","N√£o identificado","Nicole2013"
109,109,"O cliente iniciou a conversa demonstrando interesse em um produto.","sim","M√©dio","nao","A conversa √© direta e objetiva, sem express√µes emocionais.","Nenhum","parcial","Irregular","sim","Positivo","Vendas",8,"A intera√ß√£o demonstra interesse do cliente, mas n√£o h√° informa√ß√µes suficientes sobre o produto. O atendimento poderia ter um tom mais convidativo e pr√≥ximo. √â importante que o atendente forne√ßa detalhes sobre o financiamento solicitado para aumentar a satisfa√ß√£o do cliente.","2026-02-02 02:00:11.911",NULL,NULL
110,113,"O cliente expressou interesse imediato em um financiamento.","sim","Alto","n√£o","O tom √© direto e interessado, demonstrando que o cliente busca informa√ß√µes espec√≠ficas sobre financiamento.","Nenhum","parcial","Irregular","sim","Positivo","Vendas",8,"O cliente j√° se mostrou disposto a adquirir o produto, indicando uma boa oportunidade de venda. A aus√™ncia de sauda√ß√£o e emojis pode tornar a conversa um pouco fria. Seria ideal uma resposta r√°pida com informa√ß√µes detalhadas sobre o financiamento.","2026-02-02 02:00:11.922",NULL,NULL
111,479,"Apropriada e acolhedora.","sim","M√©dio","n√£o","Profissional e acolhedor","Oque ao inv√©s de O que","parcial","R√°pido","sim","Positivo","Vendas",8,"A atendente Julia come√ßou a conversa de forma amig√°vel e profissional, o que √© um ponto forte. Ela rapidamente forneceu informa√ß√µes relevantes sobre o produto e abordou uma preocupa√ß√£o espec√≠fica do cliente. No entanto, houve um pequeno erro gramatical na mensagem final. A conversa foi direcionada e objetiva, o que facilitou um atendimento eficaz.","2026-02-02 17:57:14.135","N√£o identificado","SpaceFox"
112,478,"Adequada e cort√™s, mas repetitiva.","sim","M√©dio","n√£o","Profissional e acolhedor","Nenhum","parcial","R√°pido","sim","Neutro","Vendas",7,"A sauda√ß√£o foi cort√™s, mas o nome do cliente foi usado ap√≥s algumas mensagens. A agente respondeu rapidamente e foi profissional. O tom foi acolhedor, mas faltou mais empatia e tentativa de construir rapport. A agente forneceu informa√ß√µes solicitadas mas poderia ter focado mais nas necessidades do cliente.","2026-02-02 17:57:15.873","N√£o identificado","SpaceFox"
113,477,"Acolhedora e informativa","n√£o","M√©dio","n√£o","Profissional e acolhedor","Nenhum","parcial","R√°pido","sim","Positivo","Vendas",8,"A atendente respondeu de forma acolhedora e educada, utilizando um tom profissional e acolhedor. N√£o houve erros gramaticais na conversa. O cliente obteve uma resposta r√°pida sobre a quilometragem, mas o uso do nome do cliente poderia melhorar o envolvimento. Houve uma tentativa de venda adicional ao oferecer mais informa√ß√µes sobre o ve√≠culo.","2026-02-02 17:57:17.728","N√£o identificado","SpaceFox"
114,476,"Adequada e acolhedora","sim","M√©dio","n√£o","Profissional e acolhedor","Palavra 'Oque' faltando espa√ßo: 'O que'","parcial","R√°pido","sim","Positivo","Vendas",8,"O atendimento come√ßou de forma acolhedora com uma sauda√ß√£o amig√°vel e apresenta√ß√£o da atendente. A linguagem foi profissional, por√©m houve um pequeno erro gramatical. As informa√ß√µes foram passadas de forma clara e objetiva, e houve uma tentativa de venda ativa. O nome do cliente foi utilizado, mas faltou mais desenvolvimento no rapport.","2026-02-02 17:57:18.549","WhatsApp Direto","SpaceFox"
115,480,"Informativa sobre o produto com detalhes t√©cnicos.","n√£o","M√©dio","sim","Profissional e acolhedor","Nenhum","sim","R√°pido","sim","Neutro","Vendas",7,"A conversa iniciou de forma t√©cnica, focando na descri√ß√£o do produto, sem uma sauda√ß√£o cl√°ssica. N√£o houve uso do nome do cliente, o que poderia ter criado uma conex√£o mais personalizada. A apresenta√ß√£o das informa√ß√µes foi clara e objetiva, com um uso do emoji para refor√ßar a comunica√ß√£o. A resposta do atendente foi r√°pida e mostrou uma tentativa de venda adicional com a oferta de enviar v√≠deos.","2026-02-02 18:01:50.213","N√£o identificado","Space"
